{
  "accuracy": 0.8748,
  "precision": 0.8634600465477114,
  "recall": 0.8904,
  "f1": 0.8767231193383221
}